g702.t1,P0DPW4.1,40.476,84,49,1,57,140,29,111,1.47e-11,62.4,58.33
g702.t1,P0DPW5.1,41.935,62,35,1,57,118,28,88,9.89e-06,46.6,54.84
g702.t1,P0DPW3.1,31.818,66,41,2,64,129,23,84,0.018,36.6,50.00
g1285.t1,P0DPW4.1,37.209,86,50,3,65,149,29,111,1.76e-12,64.3,63.95
g2203.t1,Q69ZQ1.2,35.925,643,377,14,208,841,96,712,2.40e-126,399,53.50
g2203.t1,Q6NSJ0.2,35.681,639,373,14,212,841,101,710,7.67e-125,395,52.58
g2203.t1,P19965.2,27.303,597,368,22,267,845,134,682,1.66e-52,198,46.06
g2203.t1,P96793.1,23.518,506,318,19,337,825,196,649,1.83e-20,100,41.11
g2203.t1,Q5AW25.1,24.845,483,288,21,337,800,216,642,1.38e-18,94.4,40.58
g2203.t1,D2PPM7.1,23.056,373,236,11,469,813,334,683,3.08e-16,86.7,40.21
g2203.t1,D0KQM8.1,23.696,460,274,18,421,832,166,596,9.47e-16,85.1,41.30
g2203.t1,P0CD66.1,23.696,460,274,18,421,832,166,596,1.07e-15,85.1,41.30
g2203.t1,P31434.2,24.146,439,268,20,432,839,265,669,7.55e-14,79.3,39.64
g2203.t1,Q9US55.1,23.177,384,248,11,466,824,408,769,5.31e-11,70.1,38.80
g2203.t1,Q9F234.1,23.243,370,239,11,466,813,294,640,6.68e-11,69.7,38.38
g2203.t1,P10253.4,23.038,395,228,15,469,813,404,772,1.84e-09,65.1,36.71
g2203.t1,Q43763.1,27.059,170,101,3,655,818,542,694,1.96e-09,65.1,45.29
g2203.t1,P79403.1,22.664,428,248,18,445,829,405,792,2.52e-09,64.7,37.62
g2203.t1,Q9MYM4.1,22.785,395,229,14,469,813,391,759,1.21e-08,62.4,35.95
g2203.t1,O04931.1,28.485,165,95,4,655,813,576,723,1.42e-08,62.4,44.85
g2203.t1,Q6P7A9.1,22.938,388,223,13,478,815,413,774,1.57e-08,62.0,35.82
g2203.t1,P70699.2,23.575,386,223,13,478,815,413,774,1.97e-08,62.0,36.01
g2203.t1,Q653V7.1,23.308,399,228,18,469,818,331,700,5.39e-08,60.5,39.35
g2203.t1,Q14697.3,22.798,386,231,15,457,809,419,770,7.12e-08,60.1,36.27
g2203.t1,Q4R4N7.1,22.359,407,249,15,435,809,399,770,2.49e-07,58.2,35.87
g2203.t1,Q8BHN3.1,22.251,382,220,15,465,809,429,770,2.56e-07,58.2,37.43
g2203.t1,Q9URX4.1,28.667,150,78,4,659,799,681,810,2.80e-07,58.2,46.00
g2203.t1,P32138.3,20.449,401,276,12,453,830,272,652,4.28e-07,57.4,39.15
g2203.t1,B9F676.1,23.618,199,122,5,655,843,594,772,2.44e-06,55.1,40.70
g2203.t1,B3PEE6.1,25.907,193,115,6,654,833,487,664,4.06e-06,54.3,42.49
g2203.t1,P29064.1,26.699,206,113,9,654,839,749,936,6.39e-06,53.5,41.75
g2203.t1,Q9FN05.1,25.281,178,108,4,655,824,596,756,7.15e-06,53.5,40.45
g2203.t1,O74254.3,27.703,148,82,4,659,799,640,769,1.49e-05,52.4,43.92
g2203.t1,P38138.1,25.287,174,104,5,646,811,614,769,2.15e-05,52.0,44.25
g2203.t1,Q92442.1,24.699,166,100,3,655,813,575,722,2.44e-05,51.6,43.37
g2203.t1,Q94502.1,24.516,155,101,5,671,817,630,776,3.45e-05,51.2,43.87
g2203.t1,Q8BVW0.2,21.951,164,100,3,655,809,579,723,2.33e-04,48.5,40.85
g2203.t1,P22861.1,25.301,166,98,4,659,817,650,796,3.69e-04,47.8,40.96
g2203.t1,Q9BE70.2,21.951,164,100,3,655,809,450,594,4.05e-04,47.8,41.46
g2203.t1,Q8TET4.3,21.687,166,102,3,653,809,593,739,5.63e-04,47.4,41.57
g2203.t1,Q12558.1,27.027,148,85,3,659,800,672,802,0.002,45.4,41.89
g2203.t1,D4B0X3.1,25.439,114,79,1,702,809,587,700,0.010,43.1,46.49
g2203.t1,Q9C0Y4.2,24.832,149,87,4,659,800,659,789,0.010,43.1,43.62
g2203.t1,P14410.6,22.857,210,128,6,646,839,1500,1691,0.019,42.4,38.57
g3428.t1,Q09510.1,56.604,159,67,1,7,163,10,168,8.63e-65,199,79.87
g3428.t1,Q5E9E2.3,58.333,156,64,1,9,163,14,169,1.57e-64,198,77.56
g3428.t1,O14950.2,58.333,156,64,1,9,163,14,169,3.31e-64,197,76.92
g3428.t1,P24032.2,58.333,156,64,1,9,163,14,169,3.86e-64,197,77.56
g3428.t1,P40423.1,58.228,158,66,0,6,163,13,170,8.66e-64,196,75.95
g3428.t1,P19105.2,58.442,154,63,1,11,163,15,168,1.10e-63,196,77.92
g3428.t1,P24844.4,58.442,154,63,1,11,163,16,169,1.33e-63,196,78.57
g3428.t1,A4IF97.1,57.692,156,65,1,9,163,13,168,1.40e-63,196,76.92
g3428.t1,P13832.2,57.051,156,66,1,9,163,14,169,2.22e-63,195,76.92
g3428.t1,P02612.2,57.792,154,64,1,11,163,16,169,3.15e-63,195,78.57
g3428.t1,Q9CQ19.3,58.442,154,63,1,11,163,16,169,3.80e-63,194,77.92
g3428.t1,P18666.3,57.692,156,65,1,9,163,14,169,1.00e-62,193,76.28
g3428.t1,Q02045.1,55.814,172,68,3,1,164,1,172,6.75e-61,189,73.84
g3428.t1,Q64122.2,56.863,153,66,0,11,163,16,168,8.33e-61,189,75.82
g3428.t1,Q7M2V4.2,56.098,164,70,2,1,162,1,164,7.37e-60,186,73.78
g3428.t1,P41691.2,55.233,172,69,3,1,164,1,172,1.46e-59,186,72.67
g3428.t1,P08733.2,54.268,164,73,2,1,162,1,164,3.85e-58,182,73.17
g3428.t1,P10916.3,55.488,164,71,2,1,162,1,164,5.17e-58,181,72.56
g3428.t1,P51667.3,54.268,164,73,2,1,162,1,164,6.29e-58,181,72.56
g3428.t1,Q3SZE5.1,54.268,164,73,2,1,162,1,164,2.34e-57,179,72.56
g3428.t1,P04113.1,53.459,159,74,0,7,165,3,161,7.75e-56,176,71.07
g3428.t1,P02610.2,54.268,164,72,3,1,162,1,163,3.80e-55,174,71.95
g3428.t1,P07461.1,52.288,153,72,1,13,164,1,153,9.14e-55,172,73.86
g3428.t1,P02611.2,50.610,164,78,3,1,162,1,163,9.15e-52,166,70.73
g3428.t1,P04112.1,50.641,156,77,0,10,165,1,156,5.87e-51,163,67.95
g3428.t1,Q62082.1,50.932,161,76,3,5,162,40,200,6.57e-50,162,71.43
g3428.t1,Q9QVP4.1,49.057,159,79,2,8,164,16,174,7.80e-50,161,68.55
g3428.t1,P02609.2,48.214,168,84,3,1,166,1,167,7.99e-50,160,70.24
g3428.t1,P80164.1,50.993,151,74,0,14,164,45,195,2.05e-49,160,70.20
g3428.t1,P04466.2,49.693,163,79,3,1,160,1,163,3.51e-49,159,69.94
g3428.t1,P97457.3,49.693,163,79,3,1,160,1,163,3.84e-49,159,69.94
g3428.t1,P02608.3,49.390,164,79,3,1,160,1,164,4.00e-49,159,70.12
g3428.t1,F1SSF9.3,48.428,159,80,2,8,164,16,174,6.90e-49,158,68.55
g3428.t1,P24732.2,48.780,164,80,3,1,160,1,164,9.99e-49,158,70.12
g3428.t1,Q01449.1,47.799,159,81,2,8,164,16,174,2.14e-48,157,68.55
g3428.t1,O93409.1,47.619,168,84,3,1,164,1,168,4.81e-48,156,67.86
g3428.t1,Q96A32.1,50.000,160,73,3,8,160,4,163,5.20e-48,156,70.00
g3428.t1,P19626.1,52.703,148,68,2,19,164,19,166,7.27e-48,155,71.62
g3428.t1,P19625.1,52.703,148,68,2,19,164,19,166,9.14e-48,155,71.62
g3428.t1,Q0P571.1,48.171,164,81,3,1,160,1,164,1.34e-47,155,69.51
g3428.t1,P13543.3,48.718,156,80,0,10,165,2,157,2.89e-47,154,65.38
g3428.t1,P05963.1,48.718,156,80,0,10,165,1,156,5.04e-47,153,66.03
g3428.t1,Q66I73.1,47.024,168,85,3,1,164,1,168,6.16e-47,153,67.26
g3428.t1,P05944.1,48.077,156,81,0,10,165,1,156,2.02e-46,152,66.03
g3428.t1,P08051.1,46.203,158,84,1,8,165,4,160,3.60e-46,151,68.99
g3428.t1,Q9BUA6.2,42.564,195,75,4,5,162,30,224,1.27e-43,147,59.49
g3428.t1,P08052.1,52.344,128,61,0,23,150,12,139,1.54e-43,144,70.31
g3428.t1,P02613.1,46.154,156,81,1,10,165,1,153,9.76e-42,139,62.82
g3428.t1,Q1HPS0.1,46.405,153,78,3,8,158,39,189,4.90e-41,139,66.67
g3428.t1,P18432.2,40.625,160,89,3,3,158,54,211,5.37e-34,122,62.50
g3428.t1,B7SNI3.1,38.816,152,90,3,16,165,22,172,6.14e-28,105,57.89
g3428.t1,P02597.2,37.589,141,83,2,23,158,7,147,1.06e-27,103,63.12
g3428.t1,P02597.2,30.303,66,42,1,27,88,84,149,4.89e-05,44.7,60.61
g3428.t1,P84339.2,38.571,140,81,2,23,157,7,146,2.31e-27,103,62.86
g3428.t1,P11120.2,37.857,140,82,2,23,157,7,146,2.44e-27,103,63.57
g3428.t1,O94739.3,37.857,140,82,2,23,157,7,146,3.52e-27,102,63.57
g3428.t1,Q95NR9.3,37.589,141,83,2,23,158,7,147,4.37e-27,102,63.83
g3428.t1,P23286.2,38.732,142,82,2,21,157,5,146,4.82e-27,102,61.27
g3428.t1,P02594.2,36.879,141,84,2,23,158,7,147,5.26e-27,102,63.83
g3428.t1,Q40302.3,37.857,140,82,2,23,157,7,146,5.55e-27,102,63.57
g3428.t1,Q9U6D3.3,36.879,141,84,2,23,158,7,147,5.61e-27,102,63.83
g3428.t1,Q7T3T2.3,36.879,141,84,2,23,158,7,147,6.05e-27,102,63.83
g3428.t1,P0DP23.1,36.879,141,84,2,23,158,7,147,6.32e-27,102,63.83
g3428.t1,P69097.2,38.406,138,80,2,25,157,9,146,6.81e-27,102,63.77
g3428.t1,P69097.2,34.848,66,39,1,27,88,84,149,3.27e-05,45.1,59.09
g3428.t1,P27165.2,37.857,140,82,2,23,157,7,146,7.75e-27,101,63.57
g3428.t1,P11118.2,37.857,140,82,2,23,157,7,146,7.84e-27,101,62.86
g3428.t1,P11118.2,34.848,66,39,1,27,88,84,149,2.42e-05,45.4,59.09
g3428.t1,P18061.2,38.406,138,80,2,25,157,9,146,9.94e-27,101,63.77
g3428.t1,P18061.2,34.848,66,39,1,27,88,84,149,2.76e-05,45.1,59.09
g3428.t1,P21251.2,36.879,141,84,2,23,158,7,147,1.12e-26,101,63.12
g3428.t1,P62184.2,37.589,141,83,2,23,158,7,147,1.17e-26,101,63.83
g3428.t1,A8CEP3.1,37.857,140,82,2,23,157,7,146,1.48e-26,100,63.57
g3428.t1,P02599.3,37.857,140,82,2,23,157,9,148,1.75e-26,100,63.57
g3428.t1,Q9UB37.3,36.879,141,84,2,23,158,7,147,1.96e-26,100,63.83
g3428.t1,Q8X187.3,37.857,140,82,2,23,157,7,146,2.01e-26,100,62.86
g3428.t1,O96102.3,37.857,140,82,2,23,157,7,146,2.07e-26,100,64.29
g3428.t1,Q8STF0.3,36.364,154,92,3,10,158,2,154,2.29e-26,100,61.69
g3428.t1,P41041.1,37.857,140,82,2,23,157,9,148,2.41e-26,100,62.86
g3428.t1,O02367.3,36.879,141,84,2,23,158,7,147,2.44e-26,100,63.12
g3428.t1,O16305.3,36.879,141,84,2,23,158,7,147,2.52e-26,100,63.12
g3428.t1,P62145.2,36.879,141,84,2,23,158,7,147,2.96e-26,100,63.12
g3428.t1,O96081.3,36.879,141,84,2,23,158,7,147,3.44e-26,100,63.12
g3428.t1,O96081.3,33.333,69,42,1,20,84,77,145,1.34e-05,46.2,59.42
g3428.t1,Q95NI4.3,36.879,141,84,2,23,158,7,147,3.88e-26,100,63.12
g3428.t1,Q95NI4.3,31.507,73,46,1,20,88,77,149,4.21e-05,44.7,56.16
g3428.t1,P11121.2,36.879,141,84,2,23,158,7,147,4.14e-26,99.8,63.12
g3428.t1,P61859.2,37.143,140,83,2,23,157,7,146,5.48e-26,99.8,61.43
g3428.t1,P53440.1,35.915,142,86,2,23,159,13,154,5.59e-26,99.8,61.27
g3428.t1,Q9XZP2.4,37.589,141,83,2,23,158,7,147,6.51e-26,99.4,63.12
g3428.t1,P02595.2,36.879,141,84,2,23,158,7,147,8.08e-26,99.0,63.12
g3428.t1,Q9HFY6.3,37.857,140,82,2,23,157,7,146,8.71e-26,99.0,62.86
g3428.t1,Q6R520.3,36.170,141,85,2,23,158,7,147,9.20e-26,99.0,63.12
g3428.t1,A3E3H0.1,36.429,140,84,2,23,157,7,146,1.04e-25,99.0,63.57
g3428.t1,P60204.2,36.429,140,84,2,23,157,7,146,1.24e-25,98.6,61.43
g3428.t1,A8I1Q0.1,36.429,140,84,2,23,157,7,146,1.42e-25,98.6,62.86
g3428.t1,Q9GRJ1.3,36.429,140,84,2,23,157,7,146,1.48e-25,98.6,62.86
g3428.t1,P04352.2,35.374,147,90,2,23,164,10,156,1.69e-25,98.6,61.90
g3428.t1,P04352.2,31.429,70,44,1,20,85,80,149,1.27e-04,43.5,55.71
g3428.t1,P13868.2,36.429,140,84,2,23,157,7,146,1.80e-25,98.2,62.86
g3428.t1,O97341.3,36.879,141,84,2,23,158,7,147,2.62e-25,97.8,61.70
g3428.t1,O97341.3,31.507,73,46,1,20,88,77,149,6.87e-05,44.3,56.16
g3428.t1,P07463.3,35.461,141,86,2,23,158,7,147,3.11e-25,97.8,61.70
g3428.t1,P27166.2,35.000,140,86,2,23,157,7,146,4.69e-25,97.1,62.86
g3428.t1,P02598.4,35.000,140,86,2,23,157,7,146,5.11e-25,97.1,62.86
g3428.t1,P27161.2,35.714,140,85,2,23,157,7,146,6.91e-25,96.7,62.14
g3428.t1,P62146.2,36.765,136,81,2,23,153,7,142,7.19e-25,96.7,63.24
g3428.t1,P62150.1,37.037,135,80,2,25,154,2,136,9.63e-25,95.9,62.96
g3679.t1,Q19269.2,29.717,212,122,5,71,278,123,311,7.32e-22,98.2,46.23
g3679.t1,O62243.2,27.230,213,131,4,73,283,80,270,1.95e-21,94.0,44.13
g3679.t1,P55113.2,25.385,260,157,6,31,279,40,273,1.88e-19,90.1,40.38
g3679.t1,D2KBH9.1,30.000,220,122,7,67,280,104,297,3.05e-19,90.1,44.09
g3679.t1,Q9U3S9.2,28.846,208,123,5,73,278,81,265,6.56e-19,88.2,42.31
g3679.t1,Q18439.3,29.384,211,123,6,71,278,119,306,3.42e-17,84.0,42.18
g3679.t1,P55115.2,28.302,212,128,4,69,279,119,307,5.52e-16,80.9,42.45
g3679.t1,Q20191.5,27.751,209,127,4,73,280,119,304,1.18e-15,79.7,43.54
g3679.t1,P55112.4,26.066,211,134,3,73,282,104,293,1.72e-15,78.2,39.81
g3679.t1,P98070.1,26.636,214,133,4,71,280,91,284,1.15e-14,77.4,40.65
g3679.t1,Q9DER7.1,25.909,220,123,5,73,280,153,344,1.16e-14,77.4,40.45
g3679.t1,P07584.2,27.273,132,77,2,73,204,59,171,1.29e-14,75.1,47.73
g3679.t1,O57460.1,23.507,268,159,6,31,280,118,357,1.78e-14,76.6,40.30
g3679.t1,P42664.2,28.302,212,121,7,73,278,99,285,2.27e-14,76.3,42.92
g3679.t1,K7Z9Q9.1,26.570,207,131,6,73,278,62,248,3.48e-14,74.3,41.06
g3679.t1,P91828.2,26.244,221,127,9,69,278,73,268,3.74e-14,75.1,45.25
g3679.t1,Q9WVM6.1,26.728,217,125,4,73,280,156,347,8.43e-14,74.7,40.55
g3679.t1,O57382.1,25.909,220,123,5,73,280,162,353,1.24e-13,74.3,40.91
g3679.t1,C9D7R3.1,26.941,219,119,9,71,279,51,238,1.44e-13,72.0,43.38
g3679.t1,Q9Y6L7.1,25.806,217,127,4,73,280,159,350,1.93e-13,73.6,40.55
g3679.t1,Q8JI28.1,25.000,220,125,5,73,280,152,343,6.53e-13,72.0,39.55
g3679.t1,O43897.1,24.545,220,126,5,73,280,157,348,3.17e-12,70.1,40.00
g3679.t1,Q9VJN9.1,26.512,215,139,7,69,279,49,248,3.41e-12,68.2,40.00
g3679.t1,P98061.4,26.214,206,124,6,80,280,138,320,5.95e-12,68.9,46.12
g3679.t1,Q20176.3,24.621,264,141,7,26,278,30,246,6.79e-12,68.9,39.77
g3679.t1,Q62381.1,24.545,220,126,5,73,280,157,348,7.22e-12,68.9,39.55
g3679.t1,P31580.1,25.616,203,126,4,77,278,91,269,1.01e-11,67.0,40.89
g3679.t1,Q1LW01.1,25.616,203,124,5,78,278,86,263,1.54e-11,66.2,40.39
g3679.t1,P98063.2,24.658,219,131,5,71,280,133,326,4.40e-11,66.6,39.73
g3679.t1,C9D7R2.1,21.963,214,141,6,73,282,62,253,5.33e-11,64.7,43.46
g3679.t1,P13497.2,25.229,218,131,5,71,280,128,321,1.12e-10,65.5,38.99
g3679.t1,Q21252.2,26.027,219,113,8,71,278,68,248,1.62e-10,63.9,39.27
g3679.t1,P31581.1,25.000,204,126,5,77,278,100,278,2.69e-10,63.2,41.18
g3679.t1,O17264.2,27.273,209,119,7,78,278,71,254,1.19e-09,62.0,42.58
g3679.t1,P31579.1,23.729,177,104,6,65,235,77,228,4.16e-09,59.3,40.68
g3679.t1,Q6HA09.3,23.364,214,130,7,73,278,94,281,4.24e-09,60.1,40.65
g3679.t1,P98068.1,25.688,218,128,7,71,278,100,293,4.43e-09,60.5,40.83
g3679.t1,Q9N5R0.3,24.885,217,114,9,73,278,81,259,8.79e-09,58.5,41.47
g3679.t1,Q22401.3,24.823,282,159,12,1,278,1,233,9.62e-09,58.9,37.23
g3679.t1,P42674.1,25.943,212,135,6,71,278,100,293,9.76e-09,59.3,39.62
g3679.t1,Q9XTD6.2,24.242,165,98,4,73,235,83,222,1.38e-08,58.5,40.00
g3679.t1,P98069.1,21.461,219,139,5,73,280,110,306,1.62e-08,58.5,37.90
g3679.t1,Q7JLI1.1,27.966,118,81,2,162,278,239,353,5.17e-07,53.9,46.61
g3679.t1,P25723.2,24.157,178,107,5,69,241,142,296,1.03e-06,53.5,41.57
g3679.t1,Q47899.1,25.000,216,125,5,70,276,99,286,4.57e-06,50.8,36.11
g3679.t1,O16977.3,25.758,132,76,2,71,202,210,319,5.88e-06,50.8,41.67
g3679.t1,Q9N2V2.5,26.974,152,89,3,104,255,362,491,9.15e-06,50.4,41.45
g3679.t1,Q18206.2,23.721,215,139,4,65,276,128,320,2.07e-05,49.3,35.35
g3679.t1,A8Q2D1.2,31.373,102,53,4,155,245,287,382,8.76e-05,47.4,46.08
g3679.t1,Q61EX6.2,23.502,217,137,5,65,276,127,319,2.18e-04,45.8,34.56
g3679.t1,Q20942.2,28.070,114,74,3,172,281,205,314,0.001,43.5,43.86
g3679.t1,A0A0C5PRQ1.1,34.118,85,46,4,155,235,226,304,0.002,43.1,45.88
g3679.t1,D5FM34.1,34.118,85,46,4,155,235,226,304,0.002,43.1,45.88
g3679.t1,Q21432.2,26.531,147,82,6,65,204,333,460,0.003,42.4,40.14
g3679.t1,P98060.2,32.941,85,47,4,155,235,203,281,0.004,42.0,45.88
g3679.t1,Q21181.2,24.324,148,89,6,59,197,28,161,0.042,38.5,44.59
g4970.t1,P97435.1,25.342,438,245,25,471,889,690,1064,4.04e-16,87.0,43.15
g4970.t1,Q9JIQ8.3,25.743,404,230,21,467,859,111,455,1.36e-15,84.0,39.85
g4970.t1,O15393.3,25.236,424,238,22,470,873,114,478,1.68e-15,84.0,40.80
g4970.t1,Q9NZR2.2,32.353,238,116,10,298,505,2494,2716,4.13e-15,84.3,43.70
g4970.t1,Q9NZR2.2,31.373,204,112,7,319,507,3479,3669,1.41e-12,75.9,41.67
g4970.t1,Q9NZR2.2,29.858,211,109,8,321,505,3599,3796,2.28e-12,75.1,42.65
g4970.t1,Q9NZR2.2,29.108,213,97,9,305,502,2620,2793,8.16e-09,63.5,38.03
g4970.t1,Q9NZR2.2,27.731,238,107,8,321,505,3362,3587,5.32e-08,60.8,35.29
g4970.t1,Q9NZR2.2,27.984,243,124,9,321,530,932,1156,9.87e-08,60.1,37.04
g4970.t1,Q9NZR2.2,27.778,162,75,6,356,505,3300,3431,0.004,45.1,39.51
g4970.t1,P98155.1,32.547,212,105,8,318,505,115,312,1.24e-14,82.0,42.92
g4970.t1,P98155.1,28.986,207,94,9,310,502,183,350,7.83e-08,60.1,42.03
g4970.t1,P98073.3,24.943,441,236,23,472,889,646,1014,2.98e-14,80.9,38.55
g4970.t1,Q9JI18.1,31.707,205,110,7,319,507,3479,3669,5.14e-14,80.5,42.93
g4970.t1,Q9JI18.1,30.516,213,109,7,321,507,3599,3798,3.17e-13,78.2,41.78
g4970.t1,Q9JI18.1,30.303,231,112,10,321,505,3322,3549,1.13e-08,63.2,38.53
g4970.t1,Q9JI18.1,28.972,214,107,9,321,505,891,1088,1.88e-08,62.4,40.19
g4970.t1,Q9JI18.1,29.245,212,104,7,298,502,2621,2793,2.60e-08,62.0,38.21
g4970.t1,Q9JI18.1,30.857,175,93,7,356,505,3300,3471,4.69e-08,61.2,45.14
g4970.t1,Q9JI18.1,30.469,128,64,2,378,505,2523,2625,1.36e-06,56.2,43.75
g4970.t1,Q9JI18.1,37.079,89,40,4,321,403,2850,2928,0.009,43.9,44.94
g4970.t1,Q21629.1,32.212,208,101,9,321,505,221,411,7.98e-14,79.0,45.19
g4970.t1,Q21629.1,31.618,136,73,5,275,403,372,494,0.002,45.4,42.65
g4970.t1,P98164.3,32.367,207,109,7,318,505,1028,1222,8.27e-14,80.1,44.44
g4970.t1,P98164.3,31.401,207,120,7,321,512,3640,3839,1.67e-12,75.5,42.51
g4970.t1,P98164.3,27.232,224,126,8,304,504,3708,3917,1.28e-10,69.3,42.86
g4970.t1,P98164.3,35.176,199,101,9,321,505,33,217,1.48e-09,65.9,47.74
g4970.t1,P98164.3,30.131,229,121,9,305,506,2812,3028,1.89e-09,65.5,41.05
g4970.t1,P98164.3,29.902,204,112,7,321,505,1114,1305,5.63e-09,63.9,40.69
g4970.t1,P98164.3,30.942,223,108,10,310,502,1138,1344,5.63e-09,63.9,41.70
g4970.t1,P98164.3,26.432,227,96,8,321,505,3517,3714,1.02e-07,60.1,37.44
g4970.t1,P98164.3,29.327,208,108,9,321,502,2869,3063,4.18e-07,57.8,40.38
g4970.t1,P98164.3,26.471,238,120,9,320,504,2704,2939,5.00e-07,57.8,37.39
g4970.t1,P98164.3,30.093,216,122,10,304,505,56,256,6.51e-06,53.9,44.44
g4970.t1,P98164.3,29.114,158,72,7,321,438,1192,1349,2.50e-04,48.9,41.14
g4970.t1,P98164.3,29.060,117,75,3,312,427,3880,3989,0.036,41.6,43.59
g4970.t1,P98159.2,36.429,140,77,3,378,506,2320,2458,1.24e-13,79.3,45.71
g4970.t1,P98159.2,22.547,581,326,23,348,889,883,1378,2.25e-10,68.6,37.69
g4970.t1,P98159.2,28.169,142,64,5,307,433,883,1001,0.019,42.7,38.73
g4970.t1,A2ARV4.1,32.367,207,102,8,326,505,2834,3029,2.34e-13,78.6,43.96
g4970.t1,A2ARV4.1,26.459,257,132,7,304,505,3710,3964,6.14e-13,77.0,39.30
g4970.t1,A2ARV4.1,32.159,227,102,12,321,518,3519,3722,2.01e-12,75.5,44.05
g4970.t1,A2ARV4.1,32.227,211,121,8,321,516,3642,3845,4.12e-12,74.3,41.23
g4970.t1,A2ARV4.1,29.464,224,123,7,304,505,3585,3795,1.31e-11,72.8,40.18
g4970.t1,A2ARV4.1,29.268,205,114,7,320,505,1114,1306,4.84e-09,64.3,39.02
g4970.t1,A2ARV4.1,31.707,205,103,9,321,502,1155,1345,1.01e-08,63.2,42.93
g4970.t1,A2ARV4.1,28.649,185,92,8,321,502,150,297,2.15e-06,55.5,39.46
g4970.t1,A2ARV4.1,23.913,230,105,8,378,545,1037,1258,5.96e-04,47.8,33.91
g4970.t1,P98165.1,29.902,204,109,5,327,509,144,334,2.56e-13,77.8,41.18
g4970.t1,P98165.1,31.053,190,95,6,317,505,52,206,1.03e-08,62.8,40.53
g4970.t1,P98165.1,29.146,199,106,7,310,485,201,387,5.00e-08,60.5,41.21
g4970.t1,P98165.1,30.508,118,69,2,401,505,50,167,0.002,45.4,41.53
g4970.t1,P35951.2,32.394,213,104,8,321,505,32,232,3.82e-13,77.0,43.66
g4970.t1,P35951.2,31.667,120,66,4,321,435,203,311,5.94e-05,50.4,46.67
g4970.t1,P98158.1,31.280,211,123,7,321,516,3642,3845,3.89e-13,77.8,41.71
g4970.t1,P98158.1,26.070,257,133,7,304,505,3710,3964,5.94e-13,77.0,39.69
g4970.t1,P98158.1,31.102,254,120,14,321,544,3519,3747,7.59e-13,76.6,44.09
g4970.t1,P98158.1,32.850,207,101,8,326,505,2834,3029,9.95e-13,76.3,43.96
g4970.t1,P98158.1,32.212,208,106,11,320,504,2746,2941,2.68e-09,65.1,43.75
g4970.t1,P98158.1,28.780,205,115,7,320,505,1114,1306,4.80e-09,64.3,39.51
g4970.t1,P98158.1,31.220,205,104,9,321,502,1155,1345,9.92e-09,63.2,41.95
g4970.t1,P98158.1,28.108,185,93,8,321,502,150,297,1.62e-05,52.8,38.92
g4970.t1,P98158.1,23.333,240,114,7,368,545,1027,1258,3.41e-04,48.5,33.33
g4970.t1,P35953.1,32.338,201,100,7,327,505,126,312,4.68e-13,77.0,42.29
g4970.t1,P35953.1,31.053,190,95,6,317,505,34,188,1.25e-08,62.4,42.11
g4970.t1,P35953.1,30.317,221,105,10,310,499,183,385,5.76e-08,60.5,41.63
g4970.t1,P98156.1,31.841,201,101,7,327,505,126,312,4.97e-13,76.6,42.79
g4970.t1,P98156.1,29.730,185,96,4,321,505,38,188,1.56e-08,62.4,41.08
g4970.t1,P98156.1,33.058,121,63,4,321,435,244,352,4.56e-04,47.8,44.63
g4970.t1,P98156.1,30.508,118,69,2,401,505,32,149,5.18e-04,47.4,42.37
g4970.t1,P98157.1,31.674,221,107,9,315,505,2518,2724,1.37e-12,75.9,38.91
g4970.t1,P98157.1,33.816,207,107,9,317,505,3534,3728,2.57e-10,68.6,41.55
g4970.t1,P98157.1,32.258,217,106,9,321,509,939,1142,6.35e-10,67.0,40.55
g4970.t1,P98157.1,31.343,201,106,7,321,502,857,1044,6.77e-09,63.9,39.30
g4970.t1,P98157.1,29.680,219,125,8,310,502,2589,2804,3.07e-08,61.6,41.10
g4970.t1,P98157.1,29.756,205,113,7,321,506,3415,3607,1.18e-07,59.7,40.00
g4970.t1,P98157.1,30.000,190,101,7,321,489,1018,1196,9.25e-07,57.0,40.00
g4970.t1,P98157.1,31.016,187,84,9,321,502,3336,3482,9.81e-07,56.6,41.18
g4970.t1,Q91ZX7.1,30.568,229,115,9,315,513,2525,2739,1.57e-12,75.9,39.74
g4970.t1,Q91ZX7.1,33.816,207,107,9,317,505,3538,3732,7.17e-11,70.5,42.51
g4970.t1,Q91ZX7.1,32.143,224,111,9,321,516,942,1152,2.92e-10,68.2,39.73
g4970.t1,Q91ZX7.1,30.846,201,107,7,321,502,860,1047,1.12e-08,63.2,38.81
g4970.t1,Q91ZX7.1,28.319,226,117,11,312,505,2728,2940,3.36e-07,58.2,40.71
g4970.t1,Q91ZX7.1,30.159,189,102,6,321,489,1021,1199,1.17e-06,56.6,39.15
g4970.t1,Q91ZX7.1,32.237,152,73,7,318,467,3657,3780,4.60e-06,54.7,44.74
g4970.t1,Q91ZX7.1,31.016,187,84,9,321,502,3340,3486,4.92e-06,54.3,40.11
g4970.t1,Q91ZX7.1,35.354,99,43,4,304,397,23,105,0.012,43.1,46.46
g4970.t1,G3V928.1,30.568,229,115,9,315,513,2525,2739,1.60e-12,75.9,39.74
g4970.t1,G3V928.1,33.816,207,107,9,317,505,3538,3732,8.64e-11,70.1,42.03
g4970.t1,G3V928.1,32.143,224,111,9,321,516,942,1152,4.81e-10,67.4,39.73
g4970.t1,G3V928.1,30.846,201,107,7,321,502,860,1047,1.13e-08,63.2,38.81
g4970.t1,G3V928.1,28.319,226,117,11,312,505,2728,2940,3.22e-07,58.2,40.71
g4970.t1,G3V928.1,31.016,187,84,9,321,502,3340,3486,4.88e-06,54.3,40.11
g4970.t1,G3V928.1,29.630,189,103,6,321,489,1021,1199,1.32e-05,53.1,38.62
g4970.t1,G3V928.1,30.921,152,75,7,318,467,3657,3780,1.13e-04,50.1,42.76
g4970.t1,G3V928.1,35.354,99,43,4,304,397,23,105,0.012,43.5,46.46
g4970.t1,P00772.1,25.197,254,167,8,647,896,32,266,1.99e-12,71.6,44.49
g4970.t1,Q5R1M5.1,25.862,232,153,7,667,896,52,266,2.80e-12,71.2,45.26
g4970.t1,P98166.1,27.731,238,117,5,321,505,77,312,3.64e-12,73.9,37.39
g4970.t1,P98166.1,29.730,185,96,4,321,505,38,188,1.02e-08,62.8,41.08
g4970.t1,P98166.1,30.508,118,69,2,401,505,32,149,2.27e-04,48.5,43.22
g4970.t1,Q6X0I2.1,29.524,210,111,9,321,505,979,1176,4.52e-12,73.9,44.29
g4970.t1,Q6X0I2.1,29.646,226,115,8,309,502,1042,1255,1.09e-11,72.8,40.71
g4970.t1,Q6X0I2.1,30.508,118,61,4,321,427,87,194,4.70e-04,47.8,43.22
g4970.t1,Q6X0I2.1,29.655,145,77,6,318,452,1143,1272,7.30e-04,47.4,42.07
g4970.t1,Q6X0I2.1,28.889,135,70,5,375,508,942,1051,0.040,41.6,42.22
g4970.t1,O88307.3,29.952,207,113,6,315,503,1117,1309,1.09e-11,72.8,40.10
g4970.t1,O88307.3,29.752,242,110,10,309,508,1233,1456,1.07e-10,69.7,38.02
g4970.t1,O88307.3,26.540,211,108,8,314,505,1324,1506,1.80e-04,49.3,35.07
g4970.t1,P35950.2,29.384,211,115,7,321,506,32,233,1.14e-11,72.4,43.60
g4970.t1,P35950.2,26.432,227,91,7,321,502,114,309,5.50e-05,50.8,35.24
g4970.t1,P35950.2,30.000,120,68,4,321,435,203,311,4.94e-04,47.8,45.83
g4970.t1,Q99MS4.2,25.200,250,152,9,657,893,48,275,1.19e-11,69.7,44.00
g4970.t1,Q867B0.1,24.786,234,153,8,667,896,44,258,1.21e-11,69.3,46.15
g4970.t1,P0DSP1.1,29.952,207,113,6,315,503,1117,1309,1.25e-11,72.8,40.10
g4970.t1,P0DSP1.1,29.339,242,111,10,309,508,1233,1456,2.02e-10,68.6,38.02
g4970.t1,P0DSP1.1,26.761,213,105,8,314,505,1324,1506,5.76e-05,50.8,36.62
g4970.t1,Q8K3U6.1,27.039,233,151,8,669,896,217,435,1.49e-11,71.2,43.78
g4970.t1,Q04833.1,30.542,203,98,8,313,509,136,301,1.58e-11,72.4,44.83
g4970.t1,Q04833.1,29.508,244,135,9,283,502,2762,2992,1.62e-11,72.4,42.62
g4970.t1,Q04833.1,32.031,128,66,2,321,437,3105,3222,5.71e-08,60.8,42.19
g4970.t1,Q04833.1,27.962,211,113,8,321,502,1192,1392,1.23e-06,56.2,37.91
g4970.t1,Q04833.1,32.143,140,73,7,304,433,1217,1344,2.25e-06,55.5,47.86
g4970.t1,Q04833.1,30.097,206,111,8,321,505,3758,3951,4.77e-06,54.3,38.83
g4970.t1,Q04833.1,32.663,199,86,13,315,502,53,214,6.10e-05,50.8,40.20
g4970.t1,Q04833.1,26.341,205,109,8,319,513,3010,3182,1.17e-04,50.1,40.00
g4970.t1,P20063.1,32.127,221,102,10,321,507,101,307,1.59e-11,72.0,41.18
g4970.t1,P20063.1,30.374,214,110,8,321,508,60,260,3.76e-09,64.3,37.85
g4970.t1,P20063.1,31.148,122,68,4,319,435,187,297,9.01e-05,50.1,45.08
g4970.t1,P20063.1,28.906,128,68,2,378,505,26,130,1.50e-04,49.3,39.84
g4970.t1,P35952.1,30.189,212,110,8,321,505,32,232,1.66e-11,72.0,42.92
g4970.t1,P35952.1,30.481,187,95,5,321,502,153,309,0.001,46.6,41.71
g4970.t1,P98072.1,23.744,438,245,23,472,889,662,1030,2.36e-11,71.6,39.95
g4970.t1,Q28832.2,31.604,212,108,8,321,505,1,202,2.63e-11,71.2,42.92
g4970.t1,Q28832.2,32.796,186,99,6,321,506,83,242,5.02e-10,67.0,42.47
g4970.t1,Q95209.1,27.465,284,107,10,310,508,1186,1455,3.08e-11,71.2,34.15
g4970.t1,Q95209.1,29.469,207,114,7,315,503,1116,1308,1.84e-10,68.9,40.58
g4970.t1,Q95209.1,26.515,264,136,12,292,505,1250,1505,1.73e-05,52.4,35.98
g4970.t1,Q2PC93.1,30.734,218,123,8,319,522,1404,1607,4.99e-11,70.9,37.61
g4970.t1,Q2PC93.1,27.170,265,134,11,293,513,1492,1741,9.73e-06,53.5,35.09
g4970.t1,Q2PC93.1,27.368,190,97,8,319,500,1620,1776,0.001,46.6,38.42
g4970.t1,C0HL13.1,32.075,212,120,9,321,516,3638,3841,5.43e-11,70.9,41.04
g4970.t1,C0HL13.1,28.194,227,126,7,304,506,3706,3919,1.14e-10,69.7,40.53
g4970.t1,C0HL13.1,33.155,187,84,7,321,503,1116,1265,2.41e-10,68.6,39.57
g4970.t1,C0HL13.1,33.500,200,104,9,321,505,33,218,1.72e-09,65.9,43.50
g4970.t1,C0HL13.1,29.362,235,122,9,303,505,2802,3024,8.10e-09,63.5,39.57
g4970.t1,C0HL13.1,30.769,208,101,10,321,502,1156,1346,8.45e-09,63.5,41.35
g4970.t1,C0HL13.1,28.643,199,102,8,320,513,1030,1193,1.92e-07,58.9,40.20
g4970.t1,C0HL13.1,30.769,182,98,10,321,485,1194,1364,4.03e-05,51.6,41.76
g4970.t1,C0HL13.1,30.534,131,69,4,309,427,174,294,0.001,46.6,40.46
g4970.t1,C0HL13.1,29.630,135,73,5,401,519,2696,2824,0.004,45.1,40.00
g4970.t1,P70375.1,26.068,234,154,7,668,896,216,435,5.79e-11,69.3,43.59
g4970.t1,Q9CQ52.1,25.100,251,165,9,651,896,37,269,9.15e-11,67.0,45.02
g4970.t1,Q92673.2,30.392,204,108,9,321,505,1083,1271,9.27e-11,69.7,43.63
g4970.t1,Q92673.2,29.130,230,111,10,321,511,1242,1458,2.91e-10,68.2,41.74
g4970.t1,Q2F9P2.1,26.293,232,148,9,671,895,238,453,1.24e-10,68.2,46.55
g4970.t1,Q99087.1,30.769,208,115,9,321,507,32,231,1.27e-10,68.9,43.75
g4970.t1,P98163.2,26.667,255,127,7,298,505,1077,1318,1.44e-10,69.3,38.82
g4970.t1,P98163.2,31.081,222,100,9,321,502,1163,1371,2.61e-10,68.2,38.29
g4970.t1,P98163.2,28.899,218,111,8,321,504,95,302,4.77e-08,60.8,38.53
g4970.t1,Q9Z319.2,35.172,145,79,6,371,505,343,482,1.65e-10,68.9,46.90
g4970.t1,Q9Z319.2,33.058,121,67,5,321,440,653,760,2.02e-04,48.9,45.45
g4970.t1,Q9Z319.2,32.710,107,57,2,306,412,401,492,5.80e-04,47.4,42.06
g4970.t1,Q9Z319.2,30.935,139,72,5,301,433,359,479,0.001,46.6,40.29
g4970.t1,Q04832.1,49.533,107,31,5,4,100,134,227,2.00e-10,65.9,53.27
g4970.t1,Q04832.1,44.915,118,40,7,5,103,65,176,4.23e-09,62.0,53.39
g4970.t1,Q04832.1,66.667,51,15,1,6,54,218,268,3.09e-07,56.2,74.51
g4970.t1,Q04832.1,41.284,109,42,5,12,103,45,148,1.29e-06,54.3,50.46
g4970.t1,Q6IE62.1,26.496,234,145,10,671,894,75,291,2.09e-10,66.6,42.74
g4970.t1,Q07954.2,33.816,207,107,9,317,505,3537,3731,2.10e-10,68.9,42.03
g4970.t1,Q07954.2,30.357,224,115,8,321,516,941,1151,1.15e-09,66.2,39.29
g4970.t1,Q07954.2,29.858,211,109,7,321,505,900,1097,2.24e-09,65.5,38.39
g4970.t1,Q07954.2,30.526,190,100,7,321,489,1020,1198,1.29e-06,56.2,40.53
g4970.t1,Q07954.2,31.016,187,84,9,321,502,3339,3485,5.68e-06,54.3,40.11
g4970.t1,Q07954.2,27.876,226,118,11,312,505,2727,2939,7.96e-06,53.9,39.38
g4970.t1,Q07954.2,30.247,162,83,6,371,505,2530,2688,8.89e-06,53.5,43.21
g4970.t1,Q07954.2,31.579,152,74,7,318,467,3656,3779,3.89e-05,51.6,43.42
g4970.t1,Q07954.2,28.767,219,119,9,303,513,2549,2738,4.46e-05,51.2,39.27
g4970.t1,P08709.1,25.862,232,149,9,671,895,238,453,2.15e-10,67.4,46.12
g4970.t1,Q700K0.1,29.500,200,105,9,321,505,1426,1604,3.45e-10,68.2,43.00
g4970.t1,Q700K0.1,30.899,178,79,6,327,502,1393,1528,4.41e-08,61.2,41.57
g4970.t1,Q9Y5Q5.2,35.971,139,72,6,378,505,282,414,4.78e-10,67.4,46.76
g4970.t1,Q9Y5Q5.2,31.405,121,69,4,321,440,585,692,5.17e-06,53.9,46.28
g4970.t1,Q9Y5Q5.2,32.710,107,57,2,306,412,333,424,1.82e-04,48.9,43.93
g4970.t1,Q9UNI1.2,25.652,230,148,8,671,896,48,258,5.36e-10,64.3,43.48
g4970.t1,P98074.1,23.937,447,233,23,472,889,661,1029,6.11e-10,67.0,37.81
g4970.t1,Q80YN4.2,35.172,145,79,6,371,505,341,480,6.20e-10,67.0,46.21
g4970.t1,Q80YN4.2,32.787,122,66,5,321,440,651,758,1.17e-04,49.7,45.08
g4970.t1,Q80YN4.2,33.684,95,50,2,306,400,399,480,0.004,44.7,43.16
g4970.t1,Q80YN4.2,30.935,139,72,5,301,433,357,477,0.006,44.3,39.57
g4970.t1,P04070.1,24.554,224,152,7,669,889,236,445,6.24e-10,66.2,44.20
g4970.t1,A8X765.2,31.188,202,106,9,329,505,221,414,6.59e-10,66.6,43.56
g4970.t1,A8X765.2,27.143,210,113,9,321,505,304,498,7.03e-08,60.1,41.90
g4970.t1,A8X765.2,26.512,215,114,7,335,518,359,560,3.56e-05,51.2,38.14
g4970.t1,A8X765.2,33.813,139,76,7,315,446,458,587,1.41e-04,49.3,46.04
g4970.t1,Q9Y5Y6.2,27.604,192,86,5,321,505,457,602,1.51e-09,65.5,40.10
g4970.t1,Q9Y5Y6.2,24.893,233,141,10,671,891,641,851,6.29e-05,50.4,38.63
g4970.t1,P01130.1,32.812,192,93,6,321,508,114,273,1.57e-09,65.5,40.62
g4970.t1,P01130.1,30.000,120,67,3,401,505,26,143,0.001,46.2,41.67
g4970.t1,P22457.2,24.348,230,153,8,668,891,215,429,2.18e-09,64.3,43.04
g4970.t1,P08861.3,25.896,251,159,10,652,895,39,269,2.64e-09,62.4,43.43
g4970.t1,Q98930.1,30.317,221,106,9,317,505,1106,1310,2.64e-09,65.1,38.01
g4970.t1,Q98930.1,28.910,211,100,8,315,505,1275,1455,8.27e-08,60.1,39.81
g4970.t1,Q0IIH7.1,35.211,142,75,6,378,505,464,602,2.99e-09,64.7,45.07
g4970.t1,Q0IIH7.1,24.153,236,143,9,671,893,641,853,9.66e-06,53.1,38.14
g4970.t1,P31394.1,23.077,234,162,6,669,899,237,455,3.60e-09,63.5,41.03
g4970.t1,P09093.3,25.498,251,160,10,652,895,39,269,4.07e-09,62.0,43.43
g4970.t1,P56677.2,26.702,191,89,4,321,505,457,602,4.61e-09,63.9,40.84
g4970.t1,P56677.2,23.529,204,125,7,671,862,641,825,2.92e-05,51.6,38.73
g4970.t1,P40313.1,24.554,224,148,7,671,894,60,262,5.97e-09,61.2,45.09
g4970.t1,Q5VYJ5.4,35.000,140,59,6,327,465,1915,2023,6.01e-09,63.9,47.86
g4970.t1,O65639.1,49.153,59,24,1,5,63,225,277,6.01e-09,62.0,66.10
g4970.t1,O65639.1,52.174,46,20,1,10,55,253,296,1.01e-07,58.2,78.26
g4970.t1,O65639.1,41.584,101,46,3,7,102,195,287,1.48e-07,57.4,52.48
g4970.t1,O65639.1,46.296,54,26,1,12,62,134,187,2.45e-05,50.8,61.11
g4970.t1,E3LYX0.1,29.048,210,105,8,321,505,223,413,6.55e-09,63.2,39.05
g4970.t1,E3LYX0.1,27.917,240,126,9,310,516,248,473,1.83e-06,55.1,38.33
g4970.t1,E3LYX0.1,30.597,134,66,4,379,505,140,253,3.34e-04,47.8,41.04
g4970.t1,Q9GLP2.1,22.957,257,166,9,647,889,205,443,7.31e-09,62.8,41.25
g4970.t1,P05805.2,26.407,231,147,9,671,896,41,253,1.08e-08,60.5,44.59
g4970.t1,P49864.1,25.541,231,147,8,671,899,51,258,1.11e-08,60.5,43.29
g4970.t1,P46023.1,27.586,232,115,11,320,505,43,267,1.29e-08,62.8,40.09
g4970.t1,P46023.1,25.806,217,113,8,321,506,163,362,6.79e-07,57.0,40.55
g4970.t1,P46023.1,27.848,237,127,10,301,505,216,440,3.64e-05,51.2,39.66
g4970.t1,Q98931.1,29.255,188,100,6,321,507,154,309,2.52e-08,61.6,41.49
g4970.t1,Q98931.1,32.000,200,104,9,321,502,34,219,5.86e-08,60.5,42.50
g4970.t1,Q98931.1,31.148,122,68,4,319,435,237,347,0.009,43.5,44.26
g4970.t1,Q7Z410.2,26.991,226,136,9,670,886,852,1057,3.42e-08,61.2,39.82
g4970.t1,Q7RTY3.1,27.530,247,139,12,671,901,19,241,4.13e-08,58.9,41.30
g4970.t1,Q9QYP1.2,30.270,185,84,6,324,505,40,182,4.51e-08,60.8,38.92
g4970.t1,Q9QYP1.2,31.092,119,65,3,321,433,236,343,1.75e-05,52.4,45.38
g4970.t1,Q9QYP1.2,29.545,220,110,11,321,515,76,275,4.11e-05,51.2,38.64
g4970.t1,O75096.4,30.270,185,84,6,324,505,40,182,4.55e-08,60.8,38.92
g4970.t1,O75096.4,29.148,223,113,11,321,518,76,278,2.27e-05,52.0,39.01
g4970.t1,O75096.4,31.092,119,65,3,321,433,236,343,3.08e-05,51.6,44.54
g4970.t1,A2VEC9.2,27.586,232,101,10,321,502,1422,1636,4.80e-08,60.8,35.78
g4970.t1,Q8VI56.3,30.270,185,84,6,324,505,40,182,4.86e-08,60.8,38.92
g4970.t1,Q8VI56.3,31.092,119,65,3,321,433,236,343,5.16e-05,50.8,44.54
g4970.t1,Q8VI56.3,29.091,220,111,11,321,515,76,275,6.49e-05,50.8,38.64
g4970.t1,P08519.2,25.112,223,128,8,671,889,1846,2033,5.08e-08,60.8,41.70
g4970.t1,Q8CG65.2,29.185,233,117,8,272,502,1215,1401,5.53e-08,60.8,36.91
g4970.t1,P80646.1,25.764,229,142,10,671,896,42,245,6.45e-08,58.2,47.60
g4970.t1,Q01177.2,24.229,227,142,9,671,893,609,809,1.01e-07,59.7,44.49
g4970.t1,Q99088.1,28.846,208,119,9,321,507,32,231,1.24e-07,59.3,43.27
g4970.t1,Q65XV7.1,37.234,94,45,2,5,90,854,941,1.30e-07,59.3,44.68
g4970.t1,Q65XV7.1,39.655,58,29,1,4,61,876,927,9.25e-05,50.1,51.72
g4970.t1,Q65XV7.1,35.294,68,28,2,10,61,814,881,0.004,44.7,47.06
g4970.t1,Q6GPI1.2,25.328,229,143,11,671,896,60,263,1.75e-07,57.0,44.98
g4970.t1,P98167.2,34.058,138,75,6,378,502,1386,1520,2.25e-07,58.9,43.48
g4970.t1,P98167.2,30.464,151,77,7,300,434,1546,1684,0.013,43.1,38.41
g4970.t1,P20918.3,25.110,227,140,10,671,893,609,809,2.41e-07,58.2,43.61
g4970.t1,Q91VN0.3,32.168,143,72,6,356,484,1258,1389,4.91e-07,57.4,43.36
g4970.t1,Q91VN0.3,33.735,83,43,2,321,403,1302,1372,1.21e-04,49.7,46.99
g4970.t1,P07338.1,25.446,224,139,8,671,891,60,258,4.92e-07,55.5,42.86
g4970.t1,P17538.2,25.764,229,142,10,671,896,60,263,5.05e-07,55.5,44.10
g4970.t1,A2VE36.1,25.714,245,147,9,671,901,74,297,5.31e-07,55.8,41.22
g4970.t1,O35205.1,24.609,256,163,10,649,899,33,263,5.74e-07,55.5,41.80
g4970.t1,Q2UVH8.1,22.000,250,176,6,652,896,51,286,6.52e-07,55.8,42.00
g4970.t1,Q8K4I7.1,24.576,236,147,10,671,894,75,291,7.04e-07,55.5,42.37
g4970.t1,P47796.1,24.434,221,144,8,671,887,60,261,1.18e-06,54.3,44.80
g4970.t1,Q4JG17.2,48.980,49,19,1,12,60,166,208,1.66e-06,55.5,65.31
g4970.t1,Q09967.2,28.365,208,111,9,321,505,221,413,1.96e-06,55.1,41.83
g4970.t1,Q09967.2,25.000,304,182,14,225,505,47,327,5.90e-06,53.5,39.47
g4970.t1,Q09967.2,27.888,251,131,13,301,516,238,473,3.77e-05,50.8,39.04
g4970.t1,A6NIE9.3,22.692,260,143,11,657,893,85,309,2.36e-06,53.9,41.54
g4970.t1,O75197.2,30.337,178,82,7,356,532,1259,1395,3.82e-06,54.7,37.64
g4970.t1,O75197.2,35.000,80,40,2,321,400,1303,1370,2.03e-04,48.9,47.50
g5467.t1,P0DPW4.1,44.118,68,36,2,42,108,29,95,3.85e-13,64.7,61.76
g5467.t1,P0DPW5.1,34.375,64,42,0,42,105,28,91,2.35e-06,47.0,51.56
g5467.t1,O45599.2,42.593,54,27,3,49,102,1240,1289,8.05e-04,41.6,59.26
g5467.t1,P0DPW3.1,31.818,44,30,0,67,110,38,81,0.018,35.8,59.09
g5502.t1,P0DPW4.1,39.759,83,48,2,65,146,29,110,5.74e-14,69.3,62.65
g5502.t1,P0DPW5.1,44.444,45,25,0,81,125,44,88,2.59e-06,48.5,60.00
g5502.t1,P0DPW3.1,37.500,48,30,0,86,133,34,81,7.21e-04,40.8,58.33
g5502.t1,O45599.2,38.889,54,29,2,72,125,1240,1289,0.001,43.5,61.11
g5503.t1,P0DPW4.1,39.759,83,48,2,65,146,29,110,6.63e-14,68.6,62.65
g5503.t1,P0DPW5.1,37.705,61,38,0,65,125,28,88,3.98e-06,47.8,52.46
g5503.t1,P0DPW3.1,35.294,51,33,0,86,136,34,84,0.001,40.0,56.86
g5503.t1,O45599.2,37.037,54,30,2,72,125,1240,1289,0.004,41.2,61.11
g5616.t1,P0DPW4.1,40.964,83,47,2,57,138,29,110,2.21e-14,69.7,62.65
g5616.t1,P0DPW5.1,37.705,61,38,0,57,117,28,88,7.11e-07,49.7,54.10
g5616.t1,P0DPW3.1,32.787,61,38,1,68,128,27,84,2.55e-04,41.6,57.38
g5616.t1,O45599.2,38.889,54,29,2,64,117,1240,1289,3.98e-04,43.9,61.11
g5641.t1,P0DPW4.1,39.286,84,49,2,57,139,29,111,5.03e-13,65.9,60.71
g5641.t1,P0DPW5.1,36.066,61,39,0,57,117,28,88,2.99e-05,45.1,54.10
g5927.t1,Q17427.1,38.636,132,68,3,110,234,15,140,1.06e-18,87.4,59.85
g5927.t1,Q9VAI0.1,33.951,162,93,4,80,234,5,159,2.96e-17,84.7,56.79
g7861.t1,B4F769.1,37.209,473,233,16,154,617,280,697,1.55e-71,251,54.33
g7861.t1,B4F769.1,23.413,252,155,8,4,217,6,257,0.010,42.7,39.68
g7861.t1,Q9NZC9.1,35.729,473,241,14,154,617,323,741,2.39e-71,251,54.12
g7861.t1,Q9NZC9.1,36.957,46,29,0,172,217,247,292,0.024,41.6,60.87
g7861.t1,Q0P4U8.1,36.538,468,236,13,157,617,331,744,3.87e-70,247,54.91
g7861.t1,Q0P4U8.1,27.063,303,140,15,4,229,6,304,3.85e-06,53.9,39.27
g7861.t1,Q498E7.1,37.037,459,226,13,167,617,359,762,1.04e-69,246,54.47
g7861.t1,Q498E7.1,27.586,174,107,5,72,229,152,322,4.29e-05,50.4,41.38
g7861.t1,Q8BJL0.1,35.881,471,236,16,154,614,282,696,4.79e-67,238,53.93
g7861.t1,Q8BJL0.1,22.745,255,154,5,4,217,6,258,0.042,40.8,38.43
g7861.t1,Q9TTA5.2,35.169,472,243,15,154,617,321,737,2.45e-65,234,52.54
g7861.t1,Q9VMX6.2,34.416,462,246,13,158,617,145,551,1.19e-63,226,51.30
g7861.t1,B2ZFP3.1,35.821,469,239,13,157,617,231,645,1.23e-63,227,51.81
g7861.t1,Q8MNV7.1,32.880,441,246,6,178,617,118,509,1.61e-61,219,49.89
g7861.t1,E1BB03.3,32.520,369,194,8,255,614,29,351,2.66e-48,185,51.22
g7861.t1,Q6NZP1.1,33.962,371,186,10,255,614,29,351,3.27e-48,185,52.56
g7861.t1,Q5FWF4.2,32.086,374,199,8,250,614,24,351,2.14e-47,182,51.07
g7861.t1,P41877.2,28.182,220,140,7,243,447,111,327,2.35e-17,89.7,51.36
g7861.t1,Q1DUF9.1,25.914,301,169,8,242,518,775,1045,3.03e-17,89.7,46.51
g7861.t1,Q7X9V2.1,26.812,276,163,7,254,516,527,776,3.60e-17,89.7,45.29
g7861.t1,P0CO16.1,28.169,284,157,10,256,518,864,1121,5.99e-17,89.0,47.89
g7861.t1,O94421.2,27.715,267,159,8,262,515,868,1113,1.50e-16,87.4,47.57
g7861.t1,O14148.4,25.263,285,167,7,254,518,833,1091,2.93e-16,86.7,47.02
g7861.t1,Q4PGL2.1,26.389,288,160,10,254,518,989,1247,1.08e-15,84.7,46.18
g7861.t1,F4JTF6.1,30.808,198,119,6,256,437,218,413,1.78e-15,84.0,50.00
g7861.t1,Q8RXS6.2,25.979,281,163,9,254,515,577,831,1.87e-15,84.0,45.20
g7861.t1,F4IV99.1,29.487,234,137,8,231,443,597,823,3.48e-15,83.2,49.57
g7861.t1,A1C9W6.1,26.087,299,171,10,242,518,814,1084,6.45e-15,82.4,46.49
g7861.t1,P38144.2,25.685,292,157,10,237,507,169,421,7.16e-15,82.0,44.86
g7861.t1,B0R061.1,33.668,199,105,8,257,433,439,632,9.70e-15,81.6,48.24
g7861.t1,Q9S775.1,29.412,221,117,8,257,441,266,483,9.79e-15,81.6,46.61
g7861.t1,Q5BAZ5.1,25.667,300,171,11,242,518,777,1047,1.01e-14,81.6,46.67
g7861.t1,B4MX21.1,24.632,272,174,6,255,497,145,414,1.12e-14,81.3,42.65
g7861.t1,Q4WTV7.1,26.000,300,170,11,242,518,812,1082,1.27e-14,81.3,46.33
g7861.t1,A1CZE5.1,26.000,300,170,11,242,518,812,1082,1.49e-14,81.3,46.33
g7861.t1,E7F1C4.1,34.653,202,99,9,257,433,420,613,1.55e-14,80.9,48.02
g7861.t1,P22082.1,26.429,280,164,10,254,515,756,1011,1.55e-14,81.3,46.43
g7861.t1,F4J9M5.1,30.769,221,126,8,251,450,387,601,1.57e-14,80.9,48.42
g7861.t1,Q2UTQ9.1,24.916,297,177,9,242,518,612,882,1.65e-14,80.9,46.80
g7861.t1,Q5ARK3.2,28.070,285,170,10,248,515,810,1076,1.79e-14,80.9,45.26
g7861.t1,Q9NDJ2.2,26.909,275,160,7,255,515,906,1153,1.81e-14,80.9,44.36
g7861.t1,Q0CA78.1,24.832,298,176,10,242,518,797,1067,2.85e-14,80.1,46.64
g7861.t1,Q9NEL2.4,25.632,277,161,8,255,515,550,797,2.99e-14,80.1,44.77
g7861.t1,Q0UG82.2,26.316,285,159,11,257,518,814,1070,3.13e-14,80.1,47.37
g7861.t1,A7EQA8.1,25.704,284,162,11,257,518,834,1090,3.39e-14,80.1,47.89
g7861.t1,Q29KH2.2,24.265,272,175,6,255,497,144,413,5.04e-14,79.0,42.28
g7861.t1,A2R9H9.1,25.333,300,172,11,242,518,802,1072,5.53e-14,79.3,46.33
g7861.t1,B4GS98.1,24.265,272,175,6,255,497,144,413,5.89e-14,79.0,42.28
g7861.t1,Q04692.2,35.468,203,110,9,257,440,483,683,5.93e-14,79.0,48.28
g7861.t1,D3Z9Z9.1,35.468,203,110,9,257,440,486,686,6.42e-14,79.0,48.28
g7861.t1,E1B7X9.2,34.483,203,112,9,257,440,490,690,6.54e-14,79.0,48.77
g7861.t1,F4K128.1,31.068,206,119,7,251,437,370,571,7.05e-14,79.0,48.06
g7861.t1,A5E0W5.1,25.795,283,160,10,250,510,724,978,7.15e-14,79.0,47.00
g7861.t1,B4KHL5.1,24.265,272,175,7,255,497,141,410,7.64e-14,78.6,44.12
g7861.t1,Q9ZUL5.1,31.122,196,110,6,263,433,213,408,9.01e-14,78.2,46.43
g7861.t1,Q872I5.3,26.408,284,160,10,257,518,1111,1367,1.11e-13,78.6,46.48
g7861.t1,B4M9A8.1,24.265,272,175,7,255,497,141,410,1.13e-13,77.8,43.75
g7861.t1,Q9H4L7.2,34.483,203,112,9,257,440,488,688,1.13e-13,78.2,48.77
g7861.t1,Q6ZPV2.2,25.177,282,158,9,253,510,508,760,1.29e-13,78.2,43.62
g7861.t1,Q9ULG1.2,25.177,282,158,9,253,510,506,758,1.53e-13,77.8,43.62
g7861.t1,A9X4T1.1,29.703,202,112,7,263,441,205,399,1.60e-13,77.8,49.01
g7861.t1,Q4IL82.1,25.704,284,162,10,257,518,1038,1294,1.63e-13,77.8,46.83
g7861.t1,A4R227.1,30.542,203,116,7,257,437,1071,1270,2.43e-13,77.4,48.77
g7861.t1,B3MMA5.1,23.616,271,177,7,255,497,151,419,2.61e-13,76.6,43.54
g7861.t1,B6ZLK2.1,29.851,201,119,7,263,444,477,674,2.69e-13,77.0,47.76
g7861.t1,Q9VDY1.2,25.547,274,159,8,256,510,528,775,2.90e-13,77.0,44.89
g7861.t1,Q6BGY8.2,25.526,333,198,10,250,560,554,858,2.97e-13,77.0,43.84
g7861.t1,Q6DIC0.1,27.719,285,169,11,253,523,718,979,3.36e-13,76.6,45.26
g7861.t1,P51531.2,27.465,284,171,10,253,523,713,974,3.64e-13,76.6,44.72
g7861.t1,Q08773.1,24.906,265,155,9,263,494,184,437,3.79e-13,76.3,47.55
g7861.t1,P94593.2,30.189,212,111,8,254,442,441,638,4.52e-13,76.3,45.28
g7861.t1,Q6BKC2.2,24.913,289,176,9,255,515,773,1048,4.85e-13,76.3,45.33
g7861.t1,A7Z019.1,25.846,325,201,11,212,523,699,996,6.65e-13,75.9,43.08
g7861.t1,Q3TKT4.1,25.846,325,201,11,212,523,707,1004,6.77e-13,75.9,43.08
g7861.t1,Q8K1P7.1,25.846,325,201,11,212,523,707,1004,7.07e-13,75.9,43.08
g7861.t1,P51532.2,25.846,325,201,11,212,523,707,1004,7.22e-13,75.9,43.08
g7861.t1,Q59U81.2,26.102,295,164,10,255,515,815,1089,7.93e-13,75.5,43.73
g7861.t1,P31380.1,32.020,203,109,7,257,436,563,759,1.02e-12,75.1,46.31
g7861.t1,P43610.2,28.365,208,131,5,250,441,208,413,1.04e-12,74.7,44.71
g7861.t1,Q60EX7.1,30.097,206,122,7,251,437,425,627,1.09e-12,75.1,47.57
g7861.t1,Q9UTN6.1,25.362,276,166,9,257,515,409,661,1.28e-12,74.7,46.74
g7861.t1,Q4WAS9.1,26.950,282,163,12,255,515,822,1081,1.34e-12,74.7,45.39
g7861.t1,Q7S133.1,25.325,308,178,11,254,532,936,1220,3.43e-12,73.6,43.83
g7861.t1,Q6PFE3.1,26.794,209,127,7,255,441,266,470,3.54e-12,73.2,47.37
g7861.t1,Q59KI4.2,23.860,285,167,8,256,518,665,921,3.72e-12,73.2,45.26
g7861.t1,B0XPE7.1,25.905,359,204,14,254,578,1295,1625,3.79e-12,73.6,43.45
g7861.t1,Q4WJI7.1,25.905,359,204,14,254,578,1295,1625,3.82e-12,73.6,43.45
g7861.t1,Q6FV37.1,24.217,351,202,13,256,579,715,1028,4.35e-12,73.2,45.01
g7861.t1,Q6PGB8.1,24.880,209,138,6,245,437,167,372,4.48e-12,72.8,48.33
g7861.t1,Q4IAK7.1,25.828,302,184,9,254,532,802,1086,4.88e-12,73.2,42.72
g7861.t1,B4JCS7.1,25.806,217,132,6,255,444,141,355,5.58e-12,72.4,44.70
g7861.t1,Q7G8Y3.2,27.179,195,127,6,256,437,224,416,5.97e-12,72.4,47.69
g7861.t1,O60264.1,25.789,190,122,5,263,437,180,365,6.02e-12,72.4,48.42
g7861.t1,Q759G7.2,29.730,185,109,5,255,423,663,842,6.13e-12,72.8,47.57
g7861.t1,Q6ZRS2.3,24.918,305,179,9,255,536,610,887,7.94e-12,72.4,43.61
g7861.t1,E9PZM4.1,29.864,221,125,10,254,447,471,688,8.28e-12,72.4,48.87
g7861.t1,P25439.2,26.429,280,160,10,262,523,772,1023,8.53e-12,72.4,45.71
g7861.t1,A6ZU34.1,25.352,284,164,10,256,518,705,961,1.00e-11,72.0,46.13
g7861.t1,P28370.2,24.402,209,139,6,245,437,163,368,1.03e-11,71.6,47.85
g7861.t1,Q9Y620.1,25.000,320,201,12,255,548,288,594,1.03e-11,71.6,44.38
g7861.t1,O14646.2,28.856,201,121,7,263,444,481,678,1.05e-11,72.0,46.77
g7861.t1,F4I2H2.1,31.443,194,107,8,255,426,131,320,1.11e-11,71.6,49.48
g7861.t1,Q9HCK8.5,26.071,280,143,9,261,515,809,1049,1.19e-11,72.0,42.14
g7861.t1,Q09XV5.1,26.071,280,143,9,261,515,811,1051,1.19e-11,72.0,42.14
g7861.t1,O14647.2,29.864,221,125,10,254,447,471,688,1.20e-11,71.6,48.87
g8100.t1,Q2YDR3.1,36.039,308,150,8,466,763,49,319,2.96e-46,173,52.92
g8100.t1,Q29JH0.2,34.226,336,171,9,466,792,59,353,6.70e-44,167,49.70
g8100.t1,Q9VYF2.1,32.845,341,181,8,460,792,53,353,1.36e-43,166,49.56
g8100.t1,Q6NTW5.1,35.331,317,151,8,466,768,53,329,1.39e-43,166,51.42
g8100.t1,D4AD37.1,36.455,299,140,8,466,752,63,323,6.20e-43,164,55.18
g8100.t1,Q28CL4.1,35.647,317,149,10,466,768,59,334,1.03e-42,163,53.63
g8100.t1,Q80V26.1,36.455,299,140,8,466,752,63,323,1.49e-42,162,54.85
g8100.t1,F1RT67.1,36.333,300,139,10,466,752,65,325,1.55e-40,157,55.67
g8100.t1,F6Y5S8.1,36.000,300,140,10,466,752,65,325,6.38e-40,155,54.67
g8100.t1,Q2KJ53.1,36.000,300,140,10,466,752,68,328,6.62e-40,155,55.33
g8100.t1,Q9NX62.1,35.667,300,141,10,466,752,65,325,2.12e-39,154,54.67
g8100.t1,O95861.1,25.970,335,190,11,459,778,3,294,3.93e-24,107,46.57
g8100.t1,Q869K3.1,27.532,316,171,10,458,752,1,279,6.28e-23,104,45.25
g8100.t1,Q9Z1N4.1,24.926,337,194,10,458,778,1,294,1.40e-21,100,45.40
g8100.t1,Q9Z0S1.2,24.332,337,196,11,458,778,1,294,2.86e-21,99.4,45.40
g8100.t1,Q3ZCK3.1,25.444,338,180,12,458,778,12,294,3.79e-21,99.0,44.08
g8100.t1,P21327.2,26.692,266,153,9,570,807,148,399,1.47e-11,71.6,42.48
g8100.t1,Q02241.3,29.268,164,104,3,1138,1300,767,919,4.54e-10,68.2,44.51
g8100.t1,E9Q5G3.1,32.000,125,82,2,1176,1300,791,912,3.38e-09,65.1,48.00
g8100.t1,P49442.2,26.991,226,108,11,568,762,146,345,4.06e-09,63.9,42.48
g8100.t1,P49441.1,25.094,267,155,12,570,807,148,398,4.25e-07,57.4,39.70
g8100.t1,Q8Z153.1,26.190,294,149,10,467,754,1,232,1.75e-05,51.2,39.12
g8100.t1,P26264.2,26.190,294,149,10,467,754,1,232,3.20e-05,50.4,39.12
g8100.t1,Q8XCG6.1,24.232,293,156,9,467,754,1,232,8.19e-04,46.2,39.25
g8100.t1,P22255.2,24.573,293,155,9,467,754,1,232,0.001,45.8,39.25
g8100.t1,P59735.1,23.103,290,163,7,467,754,1,232,0.001,45.4,38.97
g8100.t1,Q8FAG5.1,24.232,293,156,9,467,754,1,232,0.001,45.4,39.25
g8100.t1,P10497.2,38.462,52,32,0,701,752,15,66,0.001,42.4,51.92
g8100.t1,Q45499.1,20.379,211,125,7,552,752,62,239,0.002,44.7,41.23
g8312.t1,Q5KU39.1,40.843,759,408,14,84,834,27,752,0.0,554,60.74
g8312.t1,P49754.3,41.107,759,406,14,84,834,28,753,0.0,554,60.61
g8312.t1,E7F590.1,39.262,759,420,15,84,834,28,753,2.12e-176,535,60.87
g8312.t1,P93231.1,32.544,802,465,23,84,842,36,804,9.47e-119,387,50.50
g8312.t1,P93043.3,31.638,806,476,22,84,842,42,819,8.36e-115,377,50.50
g8312.t1,Q9P7N3.2,27.805,802,521,22,84,866,24,786,1.44e-87,301,48.75
g8312.t1,Q19954.4,25.771,811,523,21,76,840,30,807,1.69e-74,265,46.36
g8312.t1,Q618H8.1,25.759,823,547,24,55,840,8,803,3.32e-68,247,48.12
g8312.t1,P38959.2,22.153,966,572,33,8,833,17,942,2.12e-35,149,40.68
g8312.t1,Q5ZMA2.1,31.304,115,69,5,61,171,309,417,0.011,42.7,45.22
g8312.t1,Q08E38.1,38.182,55,32,2,117,171,364,416,0.017,42.4,56.36
g8312.t1,Q99KP6.1,38.182,55,32,2,117,171,364,416,0.017,42.4,56.36
g8312.t1,Q9UMS4.1,38.182,55,32,2,117,171,364,416,0.017,42.4,56.36
g11513.t1,Q32PH0.1,28.607,811,492,19,219,966,143,929,6.61e-83,296,48.21
g11513.t1,Q96Q05.2,27.039,932,568,23,218,1060,142,1050,3.57e-81,291,45.60
g11513.t1,Q3U0M1.2,26.417,935,568,23,219,1060,143,1050,4.53e-80,288,45.88
g11513.t1,Q6PA97.1,29.077,791,484,19,220,948,144,919,2.92e-77,280,47.03
g11513.t1,Q9VIL0.2,29.920,498,324,15,392,876,416,901,5.46e-51,200,50.00
g11513.t1,Q9VIL0.2,22.581,248,161,4,880,1099,985,1229,1.69e-09,65.9,41.94
g11960.t1,Q8CJB9.1,26.956,1061,594,23,31,979,10,1001,6.13e-98,334,47.50
g11960.t1,Q3U319.2,26.673,1061,596,22,31,979,10,1000,2.37e-93,321,47.03
g11960.t1,O75150.5,26.956,1061,593,26,31,979,10,1000,1.08e-90,314,47.41
g11960.t1,Q5RAU7.1,26.579,1061,597,24,31,979,10,1000,2.29e-89,310,46.75
g11960.t1,Q4R7K7.1,26.786,1064,591,27,31,979,10,1000,6.21e-88,306,47.27
g11960.t1,Q5DTM8.2,26.415,1060,601,23,12,980,2,973,2.15e-82,290,46.42
g11960.t1,A2VDP1.1,25.965,1036,606,22,33,980,13,975,3.18e-82,290,46.91
g11960.t1,Q5VTR2.2,26.275,1039,599,23,33,980,13,975,1.87e-81,288,46.97
g11960.t1,Q9VRP9.2,36.947,452,257,8,535,979,613,1043,7.82e-69,252,56.86
g11960.t1,Q9VRP9.2,27.875,513,318,9,42,506,8,516,1.06e-36,153,50.10
g11960.t1,Q5ZLS3.1,32.412,398,212,6,592,980,635,984,3.72e-46,183,51.51
g11960.t1,Q60YN5.1,24.940,417,279,5,582,979,427,828,1.92e-29,129,48.92
g11960.t1,P34537.2,27.195,467,300,11,543,979,381,837,2.01e-29,129,49.04
g11960.t1,Q9C895.2,31.128,257,172,5,720,974,642,895,2.74e-27,123,52.53
g11960.t1,Q8RXD6.1,26.202,416,260,11,589,979,485,878,1.97e-21,104,48.80
g11960.t1,A2ZAC2.2,26.764,411,221,12,591,974,482,839,7.39e-20,99.0,45.74
g11960.t1,A2XW69.2,23.632,749,440,19,269,979,230,884,2.50e-19,97.4,42.19
g11960.t1,Q86KL1.1,28.571,357,200,8,646,978,754,1079,6.04e-19,96.3,48.46
g11960.t1,Q7XU27.3,30.888,259,175,2,723,979,628,884,7.74e-19,95.9,50.97
g11960.t1,Q4P3X7.1,44.643,56,31,0,924,979,761,816,9.96e-13,75.9,66.07
g11960.t1,Q6CWM4.1,23.715,506,293,19,497,979,228,663,1.41e-12,75.1,45.26
g11960.t1,Q6BWW6.2,30.769,143,65,3,857,979,563,691,1.66e-11,72.0,45.45
g11960.t1,Q6CF78.1,36.082,97,54,2,883,979,612,700,1.81e-11,71.6,52.58
g11960.t1,Q07457.1,37.838,74,46,0,906,979,627,700,4.73e-11,70.5,59.46
g11960.t1,Q5A4X0.1,35.000,100,50,1,895,979,582,681,5.36e-11,70.1,50.00
g11960.t1,Q757D9.1,36.364,77,48,1,903,979,568,643,6.69e-11,69.7,57.14
g11960.t1,P0CQ63.1,26.316,361,219,14,651,978,472,818,2.28e-10,68.2,44.32
g11960.t1,P0CQ62.1,26.316,361,219,14,651,978,472,818,2.42e-10,68.2,44.32
g11960.t1,O74563.1,38.462,65,39,1,916,979,616,680,1.34e-09,65.9,58.46
g11960.t1,Q6FWF3.1,33.333,66,44,0,914,979,628,693,4.82e-08,60.5,56.06
g11960.t1,Q7S304.2,43.478,46,26,0,924,969,669,714,6.21e-08,60.5,65.22
g11960.t1,Q6LFN2.1,30.556,72,50,0,908,979,1031,1102,8.26e-08,60.1,52.78
g11960.t1,Q2U9B0.1,37.736,53,33,0,927,979,708,760,4.22e-07,57.8,56.60
g11960.t1,Q4WDD7.2,41.304,46,27,0,927,972,673,718,7.91e-07,56.6,60.87
g11960.t1,Q4I7N9.1,41.860,43,25,0,927,969,651,693,1.53e-06,55.8,62.79
g11960.t1,P25172.2,39.623,53,30,2,917,968,25,76,8.23e-06,53.5,58.49
g11960.t1,Q75EN0.1,36.508,63,39,1,917,979,22,83,6.94e-05,50.1,49.21
g11960.t1,B6VQ60.1,42.857,42,23,1,925,965,19,60,7.15e-05,50.4,66.67
g11960.t1,Q1MTQ0.1,30.769,65,44,1,916,979,628,692,3.18e-04,48.1,50.77
g11960.t1,Q6CTZ8.1,37.500,56,34,1,924,979,29,83,3.35e-04,47.8,55.36
g11960.t1,Q02398.1,39.583,48,28,1,918,965,21,67,8.29e-04,46.6,54.17
g11960.t1,Q4WZJ6.1,46.341,41,21,1,925,965,28,67,0.001,45.8,58.54
g11960.t1,Q9LS86.1,33.871,62,37,3,919,977,8,68,0.003,44.7,50.00
g11960.t1,Q867B5.1,43.902,41,23,0,925,965,291,331,0.004,45.1,58.54
g11960.t1,P43254.2,39.286,56,31,2,925,979,50,103,0.004,44.7,51.79
g11960.t1,Q6BLM3.2,39.583,48,28,1,918,965,27,73,0.005,44.3,50.00
g11960.t1,P34088.1,43.902,41,23,0,925,965,290,330,0.005,44.3,58.54
g11960.t1,P24271.1,30.120,83,49,1,883,965,254,327,0.006,44.3,48.19
g11960.t1,Q9FF61.1,25.490,51,38,0,925,975,633,683,0.007,43.9,52.94
g11960.t1,Q9H2S5.2,32.075,53,28,1,923,967,84,136,0.008,43.5,49.06
g11960.t1,Q7YR31.1,32.075,53,28,1,923,967,84,136,0.008,43.5,49.06
g11960.t1,Q1JPS1.1,33.898,59,32,3,918,975,9,61,0.008,42.4,50.85
g11960.t1,P15918.2,41.463,41,24,0,925,965,291,331,0.009,43.5,58.54
g11960.t1,Q5TM52.1,32.075,53,28,1,923,967,84,136,0.009,43.1,49.06
g11960.t1,Q91829.1,43.902,41,23,0,925,965,292,332,0.011,43.5,56.10
g11960.t1,B3DK16.1,33.333,51,32,2,918,967,9,58,0.012,42.0,54.90
g11960.t1,P15919.2,41.463,41,24,0,925,965,288,328,0.013,43.1,58.54
g11960.t1,Q9BYE7.2,37.736,53,29,3,927,978,134,183,0.017,42.4,49.06
g11960.t1,Q99NA9.1,37.500,48,28,2,927,973,137,183,0.018,42.0,47.92
g11960.t1,Q6ZMN7.3,32.075,53,35,1,925,977,16,67,0.020,42.7,54.72
g11960.t1,Q5XI70.1,37.500,48,28,2,927,973,135,181,0.020,42.0,47.92
g11960.t1,Q6CHI1.1,31.250,48,33,0,918,965,19,66,0.020,42.0,50.00
g11960.t1,Q3UF64.2,41.026,39,22,1,927,965,385,422,0.046,40.8,56.41
g12388.t1,P0DPW4.1,38.095,84,50,2,65,147,29,111,2.72e-11,60.5,59.52
g12388.t1,P0DPW5.1,39.344,61,35,2,65,124,28,87,3.94e-06,47.0,57.38
g12562.t1,P0DPW4.1,39.759,83,50,0,57,139,29,111,7.04e-13,65.5,59.04
g12562.t1,P0DPW5.1,42.222,45,26,0,73,117,44,88,4.78e-05,44.3,62.22
g14472.t1,P0DOW4.1,100.000,445,0,0,1,445,1,445,0.0,814,100.00
g15153.t1,P0DPW4.1,39.759,83,50,0,57,139,29,111,1.86e-14,68.9,60.24
g15153.t1,P0DPW5.1,37.500,64,40,0,57,120,28,91,1.14e-06,48.5,53.12
g15153.t1,P0DPW3.1,25.926,81,44,2,48,128,20,84,0.011,37.0,46.91
g15484.t1,Q155U0.1,45.026,764,352,12,2,707,38,791,0.0,592,61.65
g15484.t1,Q505L3.1,47.250,709,341,10,7,707,38,721,0.0,590,63.47
g15484.t1,Q4V9Y0.1,46.535,707,349,9,7,707,41,724,0.0,585,62.80
g15484.t1,A6QQ47.1,44.570,709,367,8,6,708,58,746,0.0,560,62.34
g15484.t1,Q3UVL4.2,44.711,709,366,8,6,708,59,747,0.0,557,61.92
g15484.t1,Q9UID3.2,44.429,709,368,8,6,708,59,747,0.0,556,61.92
g15484.t1,Q8MSY4.1,39.470,717,400,12,6,707,7,704,1.91e-156,479,58.86
g15484.t1,Q5ZJ25.1,43.533,719,383,10,4,712,51,756,1.91e-150,466,60.78
g15484.t1,O01839.2,26.420,704,456,10,8,707,5,650,4.73e-66,238,47.16
g15484.t1,Q54KG3.1,27.459,732,457,18,5,701,173,865,5.55e-65,238,46.86
g15484.t1,Q0WQ75.1,36.170,235,148,2,9,243,42,274,1.44e-34,145,57.87
g15484.t1,Q0WQ75.1,30.102,196,118,4,524,707,542,730,6.57e-18,92.4,54.59
g15484.t1,Q2TBH9.1,21.608,199,143,4,16,210,51,240,0.020,42.4,41.21
g16318.t1,A2VD00.1,36.111,108,69,0,1,108,1099,1206,4.09e-08,57.4,40.74
g16318.t1,A2VD00.1,37.500,104,65,0,1,104,1049,1152,1.02e-07,56.2,37.50
g16318.t1,A2VD00.1,36.792,106,67,0,1,106,1039,1144,1.54e-07,55.5,36.79
g16318.t1,A2VD00.1,37.500,104,65,0,1,104,1059,1162,1.70e-07,55.5,38.46
g16318.t1,A2VD00.1,37.500,104,65,0,1,104,1069,1172,2.84e-07,54.7,39.42
g16318.t1,A2VD00.1,35.849,106,68,0,1,106,1029,1134,3.46e-07,54.7,35.85
g16318.t1,A2VD00.1,36.449,107,68,0,1,107,1079,1185,8.76e-07,53.1,39.25
g16318.t1,A2VD00.1,34.579,107,70,0,1,107,1019,1125,9.59e-07,53.1,34.58
g16318.t1,A2VD00.1,33.645,107,71,0,1,107,1009,1115,2.90e-06,51.6,33.64
g16318.t1,A2VD00.1,32.710,107,72,0,1,107,999,1105,8.76e-06,50.1,32.71
g16318.t1,A2VD00.1,32.990,97,65,0,1,97,989,1085,3.24e-05,48.5,34.02
g16318.t1,A4II09.1,36.538,104,66,0,1,104,997,1100,8.80e-08,56.2,38.46
g16318.t1,A4II09.1,37.500,96,60,0,1,96,1007,1102,1.19e-07,55.8,39.58
g16318.t1,A4II09.1,38.542,96,59,0,1,96,1017,1112,1.67e-07,55.5,40.62
g16318.t1,A4II09.1,37.500,96,60,0,1,96,1027,1122,6.30e-07,53.9,40.62
g16318.t1,A4II09.1,34.579,107,70,0,1,107,1087,1193,2.17e-06,52.0,40.19
g16318.t1,A4II09.1,36.458,96,61,0,1,96,1037,1132,2.37e-06,52.0,40.62
g16318.t1,A4II09.1,35.577,104,67,0,1,104,1057,1160,2.48e-06,52.0,40.38
g16318.t1,A4II09.1,36.082,97,62,0,11,107,997,1093,2.72e-06,51.6,38.14
g16318.t1,A4II09.1,34.906,106,69,0,1,106,1077,1182,5.97e-06,50.8,40.57
g16318.t1,A4II09.1,34.579,107,70,0,1,107,1047,1153,7.03e-06,50.4,39.25
g16318.t1,A4II09.1,34.579,107,70,0,1,107,1067,1173,4.43e-05,48.1,40.19
g16368.t1,A4II09.1,39.286,84,51,0,1,84,1017,1100,1.20e-05,49.7,39.29
g16368.t1,A4II09.1,36.782,87,55,0,1,87,1007,1093,2.48e-05,48.5,37.93
g16368.t1,A4II09.1,38.095,84,52,0,1,84,1027,1110,4.51e-05,47.8,39.29
g16368.t1,A4II09.1,36.047,86,55,0,1,86,997,1082,7.71e-05,47.0,38.37
g16368.t1,A4II09.1,36.905,84,53,0,1,84,1037,1120,1.70e-04,45.8,39.29
g16368.t1,A4II09.1,34.483,87,57,0,1,87,1107,1193,7.54e-04,43.9,40.23
g16368.t1,A4II09.1,35.714,84,54,0,1,84,1047,1130,8.40e-04,43.9,39.29
g16368.t1,A4II09.1,35.714,84,54,0,1,84,1057,1140,8.55e-04,43.9,40.48
g16368.t1,A4II09.1,33.721,86,57,0,1,86,1097,1182,0.007,40.8,40.70
g16368.t1,A4II09.1,34.483,87,57,0,1,87,1067,1153,0.014,40.0,40.23
g16368.t1,A4II09.1,34.524,84,55,0,1,84,1077,1160,0.019,39.7,40.48
g16368.t1,A2VD00.1,39.286,84,51,0,1,84,1069,1152,2.33e-05,48.5,39.29
g16368.t1,A2VD00.1,38.372,86,53,0,1,86,1059,1144,3.54e-05,48.1,38.37
g16368.t1,A2VD00.1,37.209,86,54,0,1,86,1049,1134,8.39e-05,47.0,37.21
g16368.t1,A2VD00.1,35.227,88,57,0,1,88,1119,1206,8.62e-05,47.0,40.91
g16368.t1,A2VD00.1,38.095,84,52,0,1,84,1079,1162,1.16e-04,46.6,39.29
g16368.t1,A2VD00.1,35.632,87,56,0,1,87,1039,1125,2.40e-04,45.4,35.63
g16368.t1,A2VD00.1,36.782,87,55,0,1,87,1099,1185,4.24e-04,44.7,40.23
g16368.t1,A2VD00.1,36.905,84,53,0,1,84,1089,1172,5.76e-04,44.3,39.29
g16368.t1,A2VD00.1,34.483,87,57,0,1,87,1029,1115,7.49e-04,43.9,34.48
g16368.t1,A2VD00.1,33.333,87,58,0,1,87,1019,1105,0.002,42.4,33.33
g16368.t1,A2VD00.1,33.766,77,51,0,1,77,1009,1085,0.004,42.0,33.77


